{"cameraMode":{"drawMode":0,"name":"Shaded","section":"Shading Mode"},"sceneLighting":false,"audioPlay":false,"sceneViewState":{"showFog":true,"showMaterialUpdate":false,"showSkybox":false,"showFlares":true,"showImageEffects":true,"showParticleSystems":true},"in2DMode":false,"pivot":{"x":375.619384765625,"y":135.30685424804688,"z":-6.202310562133789},"rotation":{"x":-0.13752949237823487,"y":-0.07156846672296524,"z":0.009953082539141178,"w":-0.9879825115203857},"size":241.60585021972657,"orthographic":false}