{"cameraMode":{"drawMode":0,"name":"Shaded","section":"Shading Mode"},"sceneLighting":false,"audioPlay":false,"sceneViewState":{"showFog":true,"showMaterialUpdate":false,"showSkybox":false,"showFlares":true,"showImageEffects":true,"showParticleSystems":true},"in2DMode":false,"pivot":{"x":10.345305442810059,"y":3.069359540939331,"z":12.740406036376954},"rotation":{"x":-0.3114273250102997,"y":-0.18128158152103425,"z":0.060629524290561679,"w":-0.9309772849082947},"size":1.0048736333847047,"orthographic":false}