{"cameraMode":{"drawMode":0,"name":"Shaded","section":"Shading Mode"},"sceneLighting":true,"audioPlay":false,"sceneViewState":{"showFog":true,"showMaterialUpdate":false,"showSkybox":true,"showFlares":true,"showImageEffects":true,"showParticleSystems":true},"in2DMode":false,"pivot":{"x":-86.04715728759766,"y":1.5854060649871827,"z":22.363597869873048},"rotation":{"x":-0.011491741053760052,"y":-0.9417600035667419,"z":0.03222274035215378,"w":-0.3349182605743408},"size":3.103524684906006,"orthographic":false}