{"cameraMode":{"drawMode":0,"name":"Shaded","section":"Shading Mode"},"sceneLighting":true,"audioPlay":false,"sceneViewState":{"showFog":true,"showMaterialUpdate":false,"showSkybox":false,"showFlares":true,"showImageEffects":true,"showParticleSystems":true},"in2DMode":false,"pivot":{"x":-154.51318359375,"y":104.92002868652344,"z":-67.17143249511719},"rotation":{"x":-0.20393794775009156,"y":-0.06487022340297699,"z":0.013555513694882393,"w":-0.9768630862236023},"size":4.950107097625732,"orthographic":false}