{"cameraMode":{"drawMode":0,"name":"Shaded","section":"Shading Mode"},"sceneLighting":false,"audioPlay":false,"sceneViewState":{"showFog":true,"showMaterialUpdate":false,"showSkybox":false,"showFlares":true,"showImageEffects":true,"showParticleSystems":true},"in2DMode":false,"pivot":{"x":0.03740718215703964,"y":0.09200838208198548,"z":-0.0951799750328064},"rotation":{"x":-0.3464844822883606,"y":0.19196684658527375,"z":-0.07262476533651352,"w":-0.9154607653617859},"size":0.7985268831253052,"orthographic":false}