{"cameraMode":{"drawMode":0,"name":"Shaded","section":"Shading Mode"},"sceneLighting":false,"audioPlay":false,"sceneViewState":{"showFog":true,"showMaterialUpdate":false,"showSkybox":false,"showFlares":true,"showImageEffects":true,"showParticleSystems":true},"in2DMode":false,"pivot":{"x":9.955973625183106,"y":2.794785261154175,"z":12.89194393157959},"rotation":{"x":0.2825903594493866,"y":-0.640600860118866,"z":0.2750574052333832,"w":0.6590536236763},"size":0.8660253882408142,"orthographic":false}