{"cameraMode":{"drawMode":0,"name":"Shaded","section":"Shading Mode"},"sceneLighting":false,"audioPlay":false,"sceneViewState":{"showFog":true,"showMaterialUpdate":false,"showSkybox":false,"showFlares":true,"showImageEffects":true,"showParticleSystems":true},"in2DMode":false,"pivot":{"x":269.8888244628906,"y":159.81478881835938,"z":0.0},"rotation":{"x":-0.13752949237823487,"y":-0.07156846672296524,"z":0.009953082539141178,"w":-0.9879825115203857},"size":554.8391723632813,"orthographic":false}