{"cameraMode":{"drawMode":0,"name":"Shaded","section":"Shading Mode"},"sceneLighting":true,"audioPlay":false,"sceneViewState":{"showFog":true,"showMaterialUpdate":false,"showSkybox":true,"showFlares":true,"showImageEffects":true,"showParticleSystems":true},"in2DMode":false,"pivot":{"x":-40.78417205810547,"y":20.11756706237793,"z":58.812896728515628},"rotation":{"x":0.00289710471406579,"y":0.8989908695220947,"z":-0.43792498111724856,"w":0.005943174008280039},"size":5.157670497894287,"orthographic":false}