{"cameraMode":{"drawMode":0,"name":"Shaded","section":"Shading Mode"},"sceneLighting":false,"audioPlay":false,"sceneViewState":{"showFog":true,"showMaterialUpdate":false,"showSkybox":false,"showFlares":true,"showImageEffects":true,"showParticleSystems":true},"in2DMode":false,"pivot":{"x":10.345305442810059,"y":3.1693596839904787,"z":13.105586051940918},"rotation":{"x":0.470995157957077,"y":-0.03585144877433777,"z":0.019480913877487184,"w":0.8813244104385376},"size":2.996943473815918,"orthographic":false}