{"cameraMode":{"drawMode":0,"name":"Shaded","section":"Shading Mode"},"sceneLighting":false,"audioPlay":false,"sceneViewState":{"showFog":true,"showMaterialUpdate":false,"showSkybox":false,"showFlares":true,"showImageEffects":true,"showParticleSystems":true},"in2DMode":false,"pivot":{"x":-4.039434432983398,"y":-2.5273289680480959,"z":-3.3149490356445314},"rotation":{"x":0.25906652212142947,"y":-0.3725428283214569,"z":0.10937293618917465,"w":0.8845359086990356},"size":4.352128982543945,"orthographic":false}