{"cameraMode":{"drawMode":0,"name":"Shaded","section":"Shading Mode"},"sceneLighting":false,"audioPlay":false,"sceneViewState":{"showFog":true,"showMaterialUpdate":false,"showSkybox":false,"showFlares":true,"showImageEffects":true,"showParticleSystems":true},"in2DMode":false,"pivot":{"x":-37.682395935058597,"y":-3.7776870727539064,"z":-22.159971237182618},"rotation":{"x":-0.2877625524997711,"y":-0.3606102466583252,"z":0.11798164248466492,"w":-0.8794825077056885},"size":1.4599242210388184,"orthographic":false}